<?xml version="1.0" encoding="UTF-8"?><quotes>    <quote row="1">You'll continue to burn fat after you jog. People who run at least fout hours a week will burn more calories than non-runners, even they're not running.</quote>    <quote row="2">If you have a body, you are an athlete.</quote>    <quote row="3">Do something today that your future self will thank you for.</quote>    <quote row="4">Even if you lose a 1/2 a pound a week you'll still lose 26 pounds by this time next year. </quote>    <quote row="5">Just keep going.</quote>    <quote row="6">The only disability in a life is a bad attitude.</quote>    <quote row="7">Never quit. Never give up.</quote>    <quote row="8">It hurt now, but one day it ́ll be your warm up.</quote>    <quote row="9">You can only fail if you quit.</quote>    <quote row="10">Remember how, your clothes don't fit, your body feels sluggish, your skin doesn't glow, you don't have energy, you want to feel beautiful, you're regretting what ate, you're wishing you worked out, you wanted to change, before making another unhealthy choice.</quote>    <quote row="11">Make your body the sexiest outfit you own.</quote>    <quote row="12">Fit is not a destination, it is a way of life.</quote>    <quote row="13">Don't be just another member of society, be a living example of your dreams and goals.</quote>    <quote row="14">Don't wish for it, work for it.</quote>    <quote row="15">The pain you feel today will be the strength you feel tomorrow.</quote>    <quote row="16">A one hour workout is 4% of your day. No excuses.</quote>    <quote row="17">Your body is a reflection of your lifestyle.</quote>    <quote row="18">Get moving no matter if it's 30 minutes or 2 hours, it counts.</quote>    <quote row="19">Weight loss is like driving: If you ever veer off the road, just make U-turn and head back the right direction.</quote>    <quote row="20">Sore? Tired? Out of breath? Sweaty? Good... It's working.</quote>    <quote row="21">Have fun building your healthy, hard body.</quote>    <quote row="22">Hills are speedwork in disguise.</quote>    <quote row="23">For every excuse not to, there is a reason to do it anyway.</quote>    <quote row="24">If you have time for Facebook you have time to exercise. It's not about having time, it's about making time.</quote>    <quote row="25">Exercise is like an addiction. Once you're in it, you fell like your body needs it.</quote>    <quote row="26">The best way to predict the future is to create it.</quote>    <quote row="27">Everything is hard before it is easy.</quote>    <quote row="28">Motivation is what gets you started, habit is what keeps you going.</quote>    <quote row="29">Even a bad run is better than no run at all.</quote>    <quote row="30">My body does not define me. I define my body.</quote>    <quote row="31">Sacrifice is giving up on something good for something better.</quote>    <quote row="32">Make the next 12 months the year of you. Every athlete everybody. It's time to bring your best then better it. Whatever you do.</quote>    <quote row="33">Do it for yourself.</quote>    <quote row="34">Excuses don't burn calories.</quote>    <quote row="35">It's a slow process, keep going.</quote>    <quote row="36">The good lord gave you a body that can stand most anything. It's your mind you have to convince.</quote>    <quote row="37">Excuses are for people who don't want it bad enough.</quote>    <quote row="38">30-60 minutes of being uncomfortable is better than being uncomfortable your entire life.</quote>    <quote row="39">The scales are not the only way to measure progress. Your clothes fit better, you can workout longer, before and after pictures, more strength and endurance.</quote>    <quote row="40">Stop beating yourself up! You are a work in progress, which means you get there a little at a time, not all at once.</quote>    <quote row="41">Wake up with determination. Go to bed with satisfaction.</quote>    <quote row="42">No one ever drowned in sweat.</quote>    <quote row="43">Eat well, move daily, hydrate often, sleep lots, love your body. Repeat for life.</quote>    <quote row="44">There will come day when you will look down at the scale, and after a moment of calculating, it will settle on your goal weight.</quote>    <quote row="45">Complaining won't burn calories.</quote>    <quote row="46">I will win not immediately, but definitely.</quote>    <quote row="47">Just because you are close to your goal doesn't mean stop.</quote>    <quote row="48">Small changes can make a big difference.</quote>    <quote row="49">Weights won't lift themselves.</quote>    <quote row="50">Amazing bodies don't just happen.</quote>    <quote row="51">The secret of getting ahead is getting started.</quote>    <quote row="52">Be your own inspiration.</quote>    <quote row="53">Commitment is a choice.</quote>    <quote row="54">Sweat is fat crying.</quote>    <quote row="55">Make exercise your natural high.</quote>    <quote row="56">The question isn't can you? But will you? Challenge yourself!</quote>    <quote row="57">Success doesn't happen overnight. Keep your eye on the prize and don't look back.</quote>    <quote row="58">Forget about getting skinny. Eat well and end exercise the weight will take care of itself.</quote>    <quote row="59">Goals are dreams with deadlines.</quote>    <quote row="60">Be the best version of you.</quote>    <quote row="61">Focus on how you feel after a workout.</quote>    <quote row="62">Being challenged in life is inevitable. Being defeated is optional.</quote>    <quote row="63">Challenges are what make life interesting; overcoming them is what makes life meaningful.</quote>    <quote row="64">When you're struggling imagine your dream body.</quote>    <quote row="65">If not now, when?</quote>    <quote row="66">You have to do what others won't to achieve what others don't.</quote>    <quote row="67">The only bad workout is the one that didn't happen.</quote>    <quote row="68">Change your thoughts and you will change your world.</quote>    <quote row="69">Go do something that makes you sweat!</quote>    <quote row="70">If you do not go after what you want you will never have it.</quote>    <quote row="71">Working out doesn't have to be a chore, have fun with it.</quote>    <quote row="72">Don't look pretty to exercise, exercise to look pretty.</quote>    <quote row="73">Success is not the result of spontaneous combustion. You must set yourself on fire.</quote>    <quote row="74">Strength does not come from winning. Your struggles develop your strengths. When you go through hardships and decide not to surrender, that is strength.</quote>    <quote row="75">If we could give every individual the right amount of nourishment and exercise, not too little and not too much, we would have found the safest way to health.</quote>    <quote row="76">I do not think that there is any other quality so essential to success of any kind as the quality of perseverance. It overcomes almost everything, even nature.</quote>    <quote row="77">Strength does not come from physical capacity. It comes from an indomitable will.</quote>    <quote row="78">If you always put limits on everything you do, physical or anything else, it will spread into your work and into your life. There are no limits. There are only plateaus; and you must not stay there, you must go beyond them.</quote>    <quote row="79">Most of our obstacles would melt away if, instead of cowering before them, we should make up our minds to walk boldly through them.</quote>    <quote row="80">Energy & persistence conquer all things.</quote>    <quote row="81">I've missed more than 9,000 shots in my career. I've lost almost 300 games. Twenty-six times, I've been trusted to take the game winning shot and missed. I've failed over and over and over again in my life. And that is why I succeed. “Michael Jordan”</quote>    <quote row="82">The secret of getting ahead is getting started.</quote>    <quote row="83">I don't workout because I hate my body, I workout because I love it.</quote>    <quote row="84">No matter how slow you go, you are still lapping everybody on the couch.</quote>    <quote row="85">Eat clean, train dirty.</quote>    <quote row="86">You're not going to get the butt you want by sitting on it.</quote>    <quote row="87">If it doesn't challenge you, it doesn't change you.</quote>    <quote row="88">Because today is another chance ti get it right.</quote>    <quote row="89">Today it hurt. Tomorrow it works.</quote>    <quote row="90">Strong is the new skinny.</quote>    <quote row="91">No goal was ever met without a little sweat!</quote>    <quote row="92">You don't have to go fast. You just have to go.</quote>    <quote row="93">Train insane, or remain the same.</quote>    <quote row="94">It never gets easier. You just get better.</quote>    <quote row="95">Junk food satisfies you for a minute. Being fit satisfies you for life.</quote>    <quote row="96">That voice in your head that says you can't do this is a liar.</quote>    <quote row="97">The hardest step to fitness is the first. Take it now.</quote>    <quote row="98">Some people dream of success, while others wake up and work at it.</quote>    <quote row="99">Either you run the day or the day runs you.</quote>    <quote row="100">I feel better in my mind when I work out. It makes everything better.</quote>    <quote row="101">Don't wait. The time will never be just right.</quote>    <quote row="102">You must do the thing you think you cannot do.</quote>    <quote row="103">Champions aren't made in the gyms. Champions are made from something they have deep inside them-a desire, a dream, a vision.</quote>    <quote row="104">You may be disappointed if you fail, but you are doomed if you don't try.</quote></quotes>